5MB,0,5.260104064941406,low-bw,5ms,no-loss
5MB,0,5.907009963989258,low-bw,5ms,no-loss
5MB,0,5.117787961959839,low-bw,5ms,no-loss
5MB,0,5.353255157470703,low-bw,5ms,no-loss
5MB,0,5.1539179134368895,low-bw,5ms,no-loss
5MB,0,4.873376970291138,low-bw,5ms,no-loss
5MB,0,5.20164192199707,low-bw,5ms,no-loss
5MB,0,5.289254789352417,low-bw,5ms,no-loss
5MB,0,4.998317127227783,low-bw,5ms,no-loss
5MB,0,4.836619024276733,low-bw,5ms,no-loss
5MB,0,6.198641901016235,low-bw,5ms,no-loss
5MB,0,5.252451066970825,low-bw,5ms,no-loss
5MB,0,5.035602931976318,low-bw,5ms,no-loss
5MB,0,4.95384991645813,low-bw,5ms,no-loss
5MB,0,5.765565042495727,low-bw,5ms,no-loss
5MB,0,5.8547657775878905,low-bw,5ms,no-loss
5MB,0,6.11442006111145,low-bw,5ms,no-loss
5MB,0,5.10095513343811,low-bw,5ms,no-loss
5MB,0,5.450732831954956,low-bw,5ms,no-loss
5MB,0,5.31530797958374,low-bw,5ms,no-loss
5MB,0,6.201200847625732,low-bw,5ms,no-loss
5MB,0,5.354304914474487,low-bw,5ms,no-loss
5MB,0,5.6536830711364745,low-bw,5ms,no-loss
5MB,0,6.202442054748535,low-bw,5ms,no-loss
5MB,0,8.24310601234436,low-bw,5ms,no-loss
20MB,0,19.41987693786621,low-bw,5ms,no-loss
20MB,0,20.05982006072998,low-bw,5ms,no-loss
20MB,0,19.46875012397766,low-bw,5ms,no-loss
20MB,0,19.307847146987914,low-bw,5ms,no-loss
20MB,0,20.055071954727172,low-bw,5ms,no-loss
20MB,0,18.819182996749877,low-bw,5ms,no-loss
20MB,0,20.83167303085327,low-bw,5ms,no-loss
20MB,0,18.72056806564331,low-bw,5ms,no-loss
20MB,0,19.719006900787353,low-bw,5ms,no-loss
20MB,0,19.206338052749633,low-bw,5ms,no-loss
20MB,0,19.054396991729735,low-bw,5ms,no-loss
20MB,0,19.664353017807006,low-bw,5ms,no-loss
20MB,0,21.7253471660614,low-bw,5ms,no-loss
20MB,0,19.271793966293334,low-bw,5ms,no-loss
20MB,0,18.869466190338134,low-bw,5ms,no-loss
20MB,0,19.261168127059936,low-bw,5ms,no-loss
20MB,0,19.619458084106444,low-bw,5ms,no-loss
20MB,0,19.568223123550414,low-bw,5ms,no-loss
20MB,0,22.30389702796936,low-bw,5ms,no-loss
20MB,0,20.26376712799072,low-bw,5ms,no-loss
20MB,0,20.12318814277649,low-bw,5ms,no-loss
20MB,0,19.715481882095336,low-bw,5ms,no-loss
20MB,0,19.669730072021483,low-bw,5ms,no-loss
20MB,0,20.666723136901854,low-bw,5ms,no-loss
20MB,0,19.90741003036499,low-bw,5ms,no-loss
50MB,0,49.13362205505371,low-bw,5ms,no-loss
50MB,0,48.07386887550354,low-bw,5ms,no-loss
50MB,0,48.86011207580567,low-bw,5ms,no-loss
50MB,0,50.53574312210083,low-bw,5ms,no-loss
50MB,0,49.176603918075564,low-bw,5ms,no-loss
50MB,0,49.16657388687134,low-bw,5ms,no-loss
50MB,0,47.63160694122315,low-bw,5ms,no-loss
50MB,0,48.425693159103396,low-bw,5ms,no-loss
50MB,0,49.896232013702395,low-bw,5ms,no-loss
50MB,0,50.70773494720459,low-bw,5ms,no-loss
50MB,0,50.07162893295288,low-bw,5ms,no-loss
50MB,0,50.87016809463501,low-bw,5ms,no-loss
50MB,0,51.97748411178589,low-bw,5ms,no-loss
50MB,0,50.725943927764895,low-bw,5ms,no-loss
50MB,0,49.64725220680237,low-bw,5ms,no-loss
50MB,0,49.37249601364136,low-bw,5ms,no-loss
50MB,0,50.1732288646698,low-bw,5ms,no-loss
50MB,0,48.34078491210938,low-bw,5ms,no-loss
50MB,0,48.235016946792605,low-bw,5ms,no-loss
50MB,0,48.91836798667908,low-bw,5ms,no-loss
50MB,0,49.50816905975342,low-bw,5ms,no-loss
50MB,0,49.747041110992434,low-bw,5ms,no-loss
50MB,0,49.27418506622315,low-bw,5ms,no-loss
50MB,0,49.7446240234375,low-bw,5ms,no-loss
50MB,0,50.125729923248294,low-bw,5ms,no-loss
5MB,0,23.964694147109984,low-bw,110ms,no-loss
5MB,0,8.114915018081664,low-bw,110ms,no-loss
5MB,256,117.13329184532165,low-bw,110ms,no-loss
5MB,0,22.08651388168335,low-bw,110ms,no-loss
5MB,256,117.1380759525299,low-bw,110ms,no-loss
5MB,0,35.050757055282595,low-bw,110ms,no-loss
5MB,0,8.405535106658935,low-bw,110ms,no-loss
5MB,0,33.08005893707276,low-bw,110ms,no-loss
5MB,0,38.97917807579041,low-bw,110ms,no-loss
5MB,0,7.234966163635254,low-bw,110ms,no-loss
5MB,0,36.36856496810913,low-bw,110ms,no-loss
5MB,256,117.03864992141723,low-bw,110ms,no-loss
5MB,0,26.548020009994506,low-bw,110ms,no-loss
5MB,0,26.83599889755249,low-bw,110ms,no-loss
5MB,0,27.01286805152893,low-bw,110ms,no-loss
5MB,0,7.43574107170105,low-bw,110ms,no-loss
5MB,0,35.7357620048523,low-bw,110ms,no-loss
5MB,256,117.08003485679626,low-bw,110ms,no-loss
5MB,0,8.23574984550476,low-bw,110ms,no-loss
5MB,0,24.537935857772826,low-bw,110ms,no-loss
5MB,0,7.58718502998352,low-bw,110ms,no-loss
5MB,256,116.99711120605468,low-bw,110ms,no-loss
5MB,0,7.534062986373901,low-bw,110ms,no-loss
5MB,0,35.313449983596804,low-bw,110ms,no-loss
5MB,0,31.963147048950194,low-bw,110ms,no-loss
20MB,0,21.921576147079467,low-bw,110ms,no-loss
20MB,0,54.973712091445925,low-bw,110ms,no-loss
20MB,256,117.11093199729919,low-bw,110ms,no-loss
20MB,256,117.07731521606445,low-bw,110ms,no-loss
20MB,0,24.80919898033142,low-bw,110ms,no-loss
20MB,256,90.64060199737548,low-bw,110ms,no-loss
20MB,256,90.67298520088195,low-bw,110ms,no-loss
20MB,0,54.380148057937625,low-bw,110ms,no-loss
20MB,0,60.01059687614441,low-bw,110ms,no-loss
20MB,0,22.28839099884033,low-bw,110ms,no-loss
20MB,0,57.03220618247986,low-bw,110ms,no-loss
20MB,256,117.28669584274292,low-bw,110ms,no-loss
20MB,256,116.85560787200927,low-bw,110ms,no-loss
20MB,0,52.06612909317017,low-bw,110ms,no-loss
20MB,256,117.03494894981384,low-bw,110ms,no-loss
20MB,256,117.09181321144104,low-bw,110ms,no-loss
20MB,0,54.643015985488894,low-bw,110ms,no-loss
20MB,0,21.81858003616333,low-bw,110ms,no-loss
20MB,256,117.10940015792846,low-bw,110ms,no-loss
20MB,256,117.11524713516235,low-bw,110ms,no-loss
20MB,256,117.04730499267578,low-bw,110ms,no-loss
20MB,256,117.04984915733337,low-bw,110ms,no-loss
20MB,0,21.866550092697143,low-bw,110ms,no-loss
20MB,0,52.83322585105896,low-bw,110ms,no-loss
20MB,256,116.58463609695434,low-bw,110ms,no-loss
50MB,0,50.68165004730225,low-bw,110ms,no-loss
50MB,0,51.74280393600464,low-bw,110ms,no-loss
50MB,0,53.94614112854004,low-bw,110ms,no-loss
50MB,0,51.88677108764649,low-bw,110ms,no-loss
50MB,256,117.1216410446167,low-bw,110ms,no-loss
50MB,256,117.08088005065918,low-bw,110ms,no-loss
50MB,0,55.73029006004334,low-bw,110ms,no-loss
50MB,256,117.16177618980407,low-bw,110ms,no-loss
50MB,256,117.09621799468994,low-bw,110ms,no-loss
50MB,256,117.14264691352844,low-bw,110ms,no-loss
50MB,256,117.0669888305664,low-bw,110ms,no-loss
50MB,256,116.87217891693115,low-bw,110ms,no-loss
50MB,0,50.804247026443484,low-bw,110ms,no-loss
50MB,256,117.11159193992614,low-bw,110ms,no-loss
50MB,0,50.28078496932984,low-bw,110ms,no-loss
50MB,0,50.56883514404297,low-bw,110ms,no-loss
50MB,0,50.175017004013064,low-bw,110ms,no-loss
50MB,256,117.10278594970703,low-bw,110ms,no-loss
50MB,256,116.8837031173706,low-bw,110ms,no-loss
50MB,256,117.10734594345092,low-bw,110ms,no-loss
50MB,256,116.90984714508056,low-bw,110ms,no-loss
50MB,256,117.08792603492736,low-bw,110ms,no-loss
50MB,256,117.10670102119445,low-bw,110ms,no-loss
50MB,256,117.09396493911743,low-bw,110ms,no-loss
50MB,256,117.08632696151733,low-bw,110ms,no-loss
5MB,0,38.58087885856629,low-bw,175ms,no-loss
5MB,0,14.707908992767333,low-bw,175ms,no-loss
5MB,256,116.45287311553955,low-bw,175ms,no-loss
5MB,256,116.17526495933532,low-bw,175ms,no-loss
5MB,256,116.47683609008789,low-bw,175ms,no-loss
5MB,0,10.568738107681273,low-bw,175ms,no-loss
5MB,0,14.72441304206848,low-bw,175ms,no-loss
5MB,0,36.30694401741028,low-bw,175ms,no-loss
5MB,256,116.42525589942932,low-bw,175ms,no-loss
5MB,0,14.078400020599364,low-bw,175ms,no-loss
5MB,0,37.51427710533142,low-bw,175ms,no-loss
5MB,256,116.47493494033813,low-bw,175ms,no-loss
5MB,256,116.42154586791992,low-bw,175ms,no-loss
5MB,0,34.75960004806519,low-bw,175ms,no-loss
5MB,0,38.94849503517151,low-bw,175ms,no-loss
5MB,0,33.78645694732666,low-bw,175ms,no-loss
5MB,256,116.48753607749939,low-bw,175ms,no-loss
5MB,256,116.4608470249176,low-bw,175ms,no-loss
5MB,256,116.45615208625793,low-bw,175ms,no-loss
5MB,256,116.4200891304016,low-bw,175ms,no-loss
5MB,256,116.42372096061706,low-bw,175ms,no-loss
5MB,0,40.08084118843079,low-bw,175ms,no-loss
5MB,0,36.442772989273074,low-bw,175ms,no-loss
5MB,256,116.46217811584472,low-bw,175ms,no-loss
5MB,256,116.43973291397094,low-bw,175ms,no-loss
20MB,256,116.25848997116088,low-bw,175ms,no-loss
20MB,256,116.39531505584716,low-bw,175ms,no-loss
20MB,256,116.44365799903869,low-bw,175ms,no-loss
20MB,256,116.01971900939941,low-bw,175ms,no-loss
20MB,256,116.41252506256103,low-bw,175ms,no-loss
20MB,256,116.40179503440856,low-bw,175ms,no-loss
20MB,256,116.4515970993042,low-bw,175ms,no-loss
20MB,0,25.363234882354735,low-bw,175ms,no-loss
20MB,256,116.52993381500244,low-bw,175ms,no-loss
20MB,0,27.22846496582031,low-bw,175ms,no-loss
20MB,256,116.46401703834533,low-bw,175ms,no-loss
20MB,0,26.811755065917968,low-bw,175ms,no-loss
20MB,256,116.39746606826782,low-bw,175ms,no-loss
20MB,256,116.40256989479064,low-bw,175ms,no-loss
20MB,256,116.23002207756042,low-bw,175ms,no-loss
20MB,256,116.43613303184509,low-bw,175ms,no-loss
20MB,0,25.883529787063598,low-bw,175ms,no-loss
20MB,256,116.4227701473236,low-bw,175ms,no-loss
20MB,0,38.14891112327576,low-bw,175ms,no-loss
20MB,256,116.45467699050903,low-bw,175ms,no-loss
20MB,256,116.45568097114563,low-bw,175ms,no-loss
20MB,256,116.3894141960144,low-bw,175ms,no-loss
20MB,256,116.38385189056396,low-bw,175ms,no-loss
20MB,256,116.4379388141632,low-bw,175ms,no-loss
20MB,0,27.767316942214965,low-bw,175ms,no-loss
50MB,256,116.23486388206481,low-bw,175ms,no-loss
50MB,256,116.42346799850463,low-bw,175ms,no-loss
50MB,256,116.45146286964416,low-bw,175ms,no-loss
50MB,256,115.82380283355712,low-bw,175ms,no-loss
50MB,0,55.512015943527224,low-bw,175ms,no-loss
50MB,256,116.51132905960083,low-bw,175ms,no-loss
50MB,256,116.45626914978027,low-bw,175ms,no-loss
50MB,256,116.44726098060607,low-bw,175ms,no-loss
50MB,256,116.46531999588012,low-bw,175ms,no-loss
50MB,0,54.37413895606995,low-bw,175ms,no-loss
50MB,256,116.46589792251586,low-bw,175ms,no-loss
50MB,256,116.08228600502014,low-bw,175ms,no-loss
50MB,256,116.48789203643798,low-bw,175ms,no-loss
50MB,256,116.47339904785156,low-bw,175ms,no-loss
50MB,256,116.26161897659301,low-bw,175ms,no-loss
50MB,256,116.46422207832336,low-bw,175ms,no-loss
50MB,256,116.45974100112915,low-bw,175ms,no-loss
50MB,256,116.45044887542724,low-bw,175ms,no-loss
50MB,256,116.42720306396484,low-bw,175ms,no-loss
50MB,256,116.43177116394043,low-bw,175ms,no-loss
50MB,256,116.40285194396972,low-bw,175ms,no-loss
50MB,256,116.44736207008361,low-bw,175ms,no-loss
50MB,256,116.41788495063781,low-bw,175ms,no-loss
50MB,256,116.46441519737243,low-bw,175ms,no-loss
50MB,256,116.08772290229797,low-bw,175ms,no-loss
5MB,0,11.388004903793334,low-bw,5ms,min-loss
5MB,0,11.417235021591186,low-bw,5ms,min-loss
5MB,0,38.77899802207947,low-bw,5ms,min-loss
5MB,0,11.820057039260863,low-bw,5ms,min-loss
5MB,-2,-3.12,low-bw,5ms,min-loss
5MB,0,12.625365142822265,low-bw,5ms,min-loss
5MB,0,13.915387992858886,low-bw,5ms,min-loss
5MB,0,12.016549949645995,low-bw,5ms,min-loss
5MB,0,11.673361902236937,low-bw,5ms,min-loss
5MB,0,12.7202841091156,low-bw,5ms,min-loss
5MB,0,11.47711194038391,low-bw,5ms,min-loss
5MB,0,10.064928894042968,low-bw,5ms,min-loss
5MB,0,12.842514877319335,low-bw,5ms,min-loss
5MB,256,1.3617268848419188,low-bw,5ms,min-loss
5MB,0,11.672695999145507,low-bw,5ms,min-loss
5MB,0,12.069057826995849,low-bw,5ms,min-loss
5MB,0,10.844017152786254,low-bw,5ms,min-loss
5MB,0,10.80912220954895,low-bw,5ms,min-loss
5MB,0,9.05062497138977,low-bw,5ms,min-loss
5MB,0,13.01561987876892,low-bw,5ms,min-loss
5MB,0,11.961321954727172,low-bw,5ms,min-loss
5MB,0,11.090026025772094,low-bw,5ms,min-loss
5MB,0,11.626426105499267,low-bw,5ms,min-loss
5MB,0,10.760877017974853,low-bw,5ms,min-loss
5MB,0,11.214043979644774,low-bw,5ms,min-loss
20MB,0,45.37383807182312,low-bw,5ms,min-loss
20MB,-2,-3.12,low-bw,5ms,min-loss
20MB,0,43.14590394973755,low-bw,5ms,min-loss
20MB,-2,-3.12,low-bw,5ms,min-loss
20MB,0,44.95038497924805,low-bw,5ms,min-loss
20MB,-2,-3.12,low-bw,5ms,min-loss
20MB,-2,-3.12,low-bw,5ms,min-loss
20MB,256,41.68184412002564,low-bw,5ms,min-loss
20MB,0,43.69636095046997,low-bw,5ms,min-loss
20MB,256,10.115326051712035,low-bw,5ms,min-loss
20MB,256,8.847998981475829,low-bw,5ms,min-loss
20MB,0,46.418478136062625,low-bw,5ms,min-loss
20MB,-2,-3.12,low-bw,5ms,min-loss
20MB,0,43.38250601768494,low-bw,5ms,min-loss
20MB,0,44.40116990089417,low-bw,5ms,min-loss
20MB,256,17.83752191543579,low-bw,5ms,min-loss
20MB,0,44.710974102020266,low-bw,5ms,min-loss
20MB,0,49.60600793838501,low-bw,5ms,min-loss
20MB,0,45.48482692718506,low-bw,5ms,min-loss
20MB,0,43.881782894134524,low-bw,5ms,min-loss
20MB,0,43.28359401702881,low-bw,5ms,min-loss
20MB,0,51.14064801216126,low-bw,5ms,min-loss
20MB,-2,-3.12,low-bw,5ms,min-loss
20MB,0,49.9093459892273,low-bw,5ms,min-loss
20MB,0,44.22371900558472,low-bw,5ms,min-loss
50MB,256,11.402747993469237,low-bw,5ms,min-loss
50MB,-2,-3.12,low-bw,5ms,min-loss
50MB,256,107.825326089859,low-bw,5ms,min-loss
50MB,256,117.92934883117675,low-bw,5ms,min-loss
50MB,256,117.91771805763244,low-bw,5ms,min-loss
50MB,256,117.94877589225769,low-bw,5ms,min-loss
50MB,256,117.9266890335083,low-bw,5ms,min-loss
50MB,256,117.94801295280456,low-bw,5ms,min-loss
50MB,256,117.92070901870727,low-bw,5ms,min-loss
50MB,256,117.90259993553161,low-bw,5ms,min-loss
50MB,256,117.93979108810424,low-bw,5ms,min-loss
50MB,256,117.92641199111938,low-bw,5ms,min-loss
50MB,256,117.92977893829345,low-bw,5ms,min-loss
50MB,256,117.91449702262878,low-bw,5ms,min-loss
50MB,256,117.90152705192565,low-bw,5ms,min-loss
50MB,256,117.92511284828186,low-bw,5ms,min-loss
50MB,256,117.89638102531433,low-bw,5ms,min-loss
50MB,256,117.9233759689331,low-bw,5ms,min-loss
50MB,256,117.9110001373291,low-bw,5ms,min-loss
50MB,-2,-3.12,low-bw,5ms,min-loss
50MB,256,107.95420587539672,low-bw,5ms,min-loss
50MB,256,117.92435086250305,low-bw,5ms,min-loss
50MB,256,117.90006697654724,low-bw,5ms,min-loss
50MB,256,117.92644179344177,low-bw,5ms,min-loss
50MB,256,117.9408320236206,low-bw,5ms,min-loss
5MB,-2,-3.12,low-bw,110ms,min-loss
5MB,-2,-3.12,low-bw,110ms,min-loss
5MB,256,96.30128014564514,low-bw,110ms,min-loss
5MB,256,8.225274209976195,low-bw,110ms,min-loss
5MB,256,116.90198719978332,low-bw,110ms,min-loss
5MB,256,117.13427508354187,low-bw,110ms,min-loss
5MB,-2,-3.12,low-bw,110ms,min-loss
5MB,-2,-3.12,low-bw,110ms,min-loss
5MB,256,96.43346798896789,low-bw,110ms,min-loss
5MB,-2,-3.12,low-bw,110ms,min-loss
5MB,256,107.03045499801635,low-bw,110ms,min-loss
5MB,256,116.9871650981903,low-bw,110ms,min-loss
5MB,-2,-3.12,low-bw,110ms,min-loss
5MB,-2,-3.12,low-bw,110ms,min-loss
5MB,256,96.20157707214355,low-bw,110ms,min-loss
5MB,256,8.48966682434082,low-bw,110ms,min-loss
5MB,256,117.11558807373046,low-bw,110ms,min-loss
5MB,256,117.0983711528778,low-bw,110ms,min-loss
5MB,256,117.11608112335205,low-bw,110ms,min-loss
5MB,256,117.10036600112915,low-bw,110ms,min-loss
5MB,256,117.11067712783813,low-bw,110ms,min-loss
5MB,256,116.9122880744934,low-bw,110ms,min-loss
5MB,-2,-3.12,low-bw,110ms,min-loss
5MB,256,106.7114299583435,low-bw,110ms,min-loss
5MB,256,117.09250796318054,low-bw,110ms,min-loss
20MB,-2,-3.12,low-bw,110ms,min-loss
20MB,-2,-3.12,low-bw,110ms,min-loss
20MB,256,96.25547397613525,low-bw,110ms,min-loss
20MB,256,8.409231071472167,low-bw,110ms,min-loss
20MB,256,117.08445609092712,low-bw,110ms,min-loss
20MB,-2,-3.12,low-bw,110ms,min-loss
20MB,256,106.83659613609314,low-bw,110ms,min-loss
20MB,256,117.12184012413024,low-bw,110ms,min-loss
20MB,256,117.11959183692932,low-bw,110ms,min-loss
20MB,256,117.09182703971862,low-bw,110ms,min-loss
20MB,256,117.11414516448974,low-bw,110ms,min-loss
20MB,256,117.13342011451721,low-bw,110ms,min-loss
20MB,256,117.08135283470153,low-bw,110ms,min-loss
20MB,256,117.11226594924926,low-bw,110ms,min-loss
20MB,256,117.11346185684204,low-bw,110ms,min-loss
20MB,256,117.13420498847961,low-bw,110ms,min-loss
20MB,256,117.13074100494384,low-bw,110ms,min-loss
20MB,256,117.02961004257202,low-bw,110ms,min-loss
20MB,-2,-3.12,low-bw,110ms,min-loss
20MB,256,107.09288013458251,low-bw,110ms,min-loss
20MB,256,116.62832201004028,low-bw,110ms,min-loss
20MB,256,117.0824929523468,low-bw,110ms,min-loss
20MB,256,117.10075796127319,low-bw,110ms,min-loss
20MB,256,117.08141696929931,low-bw,110ms,min-loss
20MB,256,117.07505500793457,low-bw,110ms,min-loss
50MB,256,116.96257699012756,low-bw,110ms,min-loss
50MB,256,117.08181894302368,low-bw,110ms,min-loss
50MB,-2,-3.12,low-bw,110ms,min-loss
50MB,256,106.68169105529785,low-bw,110ms,min-loss
50MB,256,117.04761922836303,low-bw,110ms,min-loss
50MB,-2,-3.12,low-bw,110ms,min-loss
50MB,256,106.61600602149963,low-bw,110ms,min-loss
50MB,256,117.13693202018737,low-bw,110ms,min-loss
50MB,256,117.1447008895874,low-bw,110ms,min-loss
50MB,256,116.95456803321838,low-bw,110ms,min-loss
50MB,256,117.04321301460266,low-bw,110ms,min-loss
50MB,-2,-3.12,low-bw,110ms,min-loss
50MB,256,107.03658903121948,low-bw,110ms,min-loss
50MB,256,117.17073905944824,low-bw,110ms,min-loss
50MB,256,117.15109599113464,low-bw,110ms,min-loss
50MB,256,117.16152704238891,low-bw,110ms,min-loss
50MB,256,117.01334202766418,low-bw,110ms,min-loss
50MB,256,116.92310703277587,low-bw,110ms,min-loss
50MB,256,117.10437286376953,low-bw,110ms,min-loss
50MB,-2,-3.12,low-bw,110ms,min-loss
50MB,-2,-3.12,low-bw,110ms,min-loss
50MB,256,95.9413191127777,low-bw,110ms,min-loss
50MB,256,8.425532941818236,low-bw,110ms,min-loss
50MB,256,117.1176160621643,low-bw,110ms,min-loss
50MB,256,117.10164607048034,low-bw,110ms,min-loss
5MB,256,115.47981489181518,low-bw,175ms,min-loss
5MB,256,116.47618496894836,low-bw,175ms,min-loss
5MB,256,116.4078239250183,low-bw,175ms,min-loss
5MB,256,116.45475280761718,low-bw,175ms,min-loss
5MB,256,116.44709599494934,low-bw,175ms,min-loss
5MB,256,116.44388998031616,low-bw,175ms,min-loss
5MB,-2,-3.12,low-bw,175ms,min-loss
5MB,256,105.79671299934387,low-bw,175ms,min-loss
5MB,256,116.4792169380188,low-bw,175ms,min-loss
5MB,256,116.46273100852966,low-bw,175ms,min-loss
5MB,256,116.48675001144409,low-bw,175ms,min-loss
5MB,256,116.48307002067565,low-bw,175ms,min-loss
5MB,256,116.46383893966674,low-bw,175ms,min-loss
5MB,256,116.54671681404113,low-bw,175ms,min-loss
5MB,256,116.47330201148986,low-bw,175ms,min-loss
5MB,256,91.0484091091156,low-bw,175ms,min-loss
5MB,256,116.47425687789917,low-bw,175ms,min-loss
5MB,256,116.5139910030365,low-bw,175ms,min-loss
5MB,256,116.46229780197143,low-bw,175ms,min-loss
5MB,-2,-3.12,low-bw,175ms,min-loss
5MB,-2,-3.12,low-bw,175ms,min-loss
5MB,256,94.90249121665954,low-bw,175ms,min-loss
5MB,256,8.032909994125365,low-bw,175ms,min-loss
5MB,256,116.43047702789306,low-bw,175ms,min-loss
5MB,256,116.42509091377258,low-bw,175ms,min-loss
20MB,-2,-3.12,low-bw,175ms,min-loss
20MB,256,105.67093694686889,low-bw,175ms,min-loss
20MB,256,116.51766312599182,low-bw,175ms,min-loss
20MB,256,116.47749293327331,low-bw,175ms,min-loss
20MB,-2,-3.12,low-bw,175ms,min-loss
20MB,-2,-3.12,low-bw,175ms,min-loss
20MB,256,95.35095203399658,low-bw,175ms,min-loss
20MB,256,7.861373071670532,low-bw,175ms,min-loss
20MB,256,116.46538699150085,low-bw,175ms,min-loss
20MB,-2,-3.12,low-bw,175ms,min-loss
20MB,256,36.22036421775818,low-bw,175ms,min-loss
20MB,256,66.89816296577453,low-bw,175ms,min-loss
20MB,256,116.2334460067749,low-bw,175ms,min-loss
20MB,256,116.12648880958557,low-bw,175ms,min-loss
20MB,256,116.46459997177124,low-bw,175ms,min-loss
20MB,256,116.39180100440979,low-bw,175ms,min-loss
20MB,256,116.47276390075683,low-bw,175ms,min-loss
20MB,256,116.49556482315063,low-bw,175ms,min-loss
20MB,256,116.44417512893676,low-bw,175ms,min-loss
20MB,-2,-3.12,low-bw,175ms,min-loss
20MB,256,105.7102321434021,low-bw,175ms,min-loss
20MB,256,116.47944915771484,low-bw,175ms,min-loss
20MB,256,36.638302927017214,low-bw,175ms,min-loss
20MB,256,116.57233393669128,low-bw,175ms,min-loss
20MB,-2,-3.12,low-bw,175ms,min-loss
50MB,256,106.19108093261718,low-bw,175ms,min-loss
50MB,256,116.12465799331665,low-bw,175ms,min-loss
50MB,-2,-3.12,low-bw,175ms,min-loss
50MB,256,105.70153105735778,low-bw,175ms,min-loss
50MB,256,116.4540270614624,low-bw,175ms,min-loss
50MB,-2,-3.12,low-bw,175ms,min-loss
50MB,256,105.83787596702575,low-bw,175ms,min-loss
50MB,256,116.46903288841247,low-bw,175ms,min-loss
50MB,256,116.40164220809936,low-bw,175ms,min-loss
50MB,256,116.07359803199768,low-bw,175ms,min-loss
50MB,256,116.41911280632019,low-bw,175ms,min-loss
50MB,256,116.25745881080627,low-bw,175ms,min-loss
50MB,256,116.47464907646179,low-bw,175ms,min-loss
50MB,256,116.49305093765258,low-bw,175ms,min-loss
50MB,256,116.47268593788147,low-bw,175ms,min-loss
50MB,256,116.20286286354064,low-bw,175ms,min-loss
50MB,256,116.46462715148925,low-bw,175ms,min-loss
50MB,256,116.49544489860534,low-bw,175ms,min-loss
50MB,256,116.4281150150299,low-bw,175ms,min-loss
50MB,256,116.45111001014709,low-bw,175ms,min-loss
50MB,256,116.44255888938903,low-bw,175ms,min-loss
50MB,256,116.47840583801269,low-bw,175ms,min-loss
50MB,-2,-3.12,low-bw,175ms,min-loss
50MB,256,105.62293780326843,low-bw,175ms,min-loss
50MB,256,116.44516003608703,low-bw,175ms,min-loss
5MB,0,4.222635154724121,mid-bw,5ms,no-loss
5MB,0,3.706735019683838,mid-bw,5ms,no-loss
5MB,0,4.261192922592163,mid-bw,5ms,no-loss
5MB,0,3.4200478839874267,mid-bw,5ms,no-loss
5MB,0,1.3974779891967772,mid-bw,5ms,no-loss
5MB,0,3.454915885925293,mid-bw,5ms,no-loss
5MB,0,4.904775981903076,mid-bw,5ms,no-loss
5MB,0,5.246575002670288,mid-bw,5ms,no-loss
5MB,0,3.768082981109619,mid-bw,5ms,no-loss
5MB,0,3.149330024719238,mid-bw,5ms,no-loss
5MB,0,4.012200956344604,mid-bw,5ms,no-loss
5MB,0,3.7079101848602294,mid-bw,5ms,no-loss
5MB,0,3.0081418800354003,mid-bw,5ms,no-loss
5MB,0,6.695221071243286,mid-bw,5ms,no-loss
5MB,0,1.2195919799804686,mid-bw,5ms,no-loss
5MB,0,3.5517331409454345,mid-bw,5ms,no-loss
5MB,0,3.551370983123779,mid-bw,5ms,no-loss
5MB,0,1.6675950336456298,mid-bw,5ms,no-loss
5MB,0,1.2557040500640868,mid-bw,5ms,no-loss
5MB,0,3.8996080207824706,mid-bw,5ms,no-loss
5MB,0,4.113074903488159,mid-bw,5ms,no-loss
5MB,0,3.856922035217285,mid-bw,5ms,no-loss
5MB,0,2.9987360286712645,mid-bw,5ms,no-loss
5MB,0,6.11091197013855,mid-bw,5ms,no-loss
5MB,0,5.3247669982910155,mid-bw,5ms,no-loss
20MB,0,10.315371875762938,mid-bw,5ms,no-loss
20MB,0,10.267135982513427,mid-bw,5ms,no-loss
20MB,0,8.317884807586669,mid-bw,5ms,no-loss
20MB,0,9.474677925109862,mid-bw,5ms,no-loss
20MB,0,9.959185962677001,mid-bw,5ms,no-loss
20MB,0,10.498031978607177,mid-bw,5ms,no-loss
20MB,0,9.724749927520751,mid-bw,5ms,no-loss
20MB,0,7.312302951812744,mid-bw,5ms,no-loss
20MB,0,9.562741165161132,mid-bw,5ms,no-loss
20MB,0,9.863111858367919,mid-bw,5ms,no-loss
20MB,0,8.53942907333374,mid-bw,5ms,no-loss
20MB,0,10.884823923110961,mid-bw,5ms,no-loss
20MB,0,8.208981161117553,mid-bw,5ms,no-loss
20MB,0,8.799677972793578,mid-bw,5ms,no-loss
20MB,0,11.86956799507141,mid-bw,5ms,no-loss
20MB,0,10.451698904037475,mid-bw,5ms,no-loss
20MB,0,11.017710094451903,mid-bw,5ms,no-loss
20MB,0,8.233995084762572,mid-bw,5ms,no-loss
20MB,0,11.3711949634552,mid-bw,5ms,no-loss
20MB,0,11.162879114151,mid-bw,5ms,no-loss
20MB,0,10.472668056488036,mid-bw,5ms,no-loss
20MB,0,12.016589050292968,mid-bw,5ms,no-loss
20MB,0,11.42255700111389,mid-bw,5ms,no-loss
20MB,0,5.560397033691406,mid-bw,5ms,no-loss
20MB,0,11.099991922378539,mid-bw,5ms,no-loss
50MB,0,26.387845163345336,mid-bw,5ms,no-loss
50MB,0,20.4271351146698,mid-bw,5ms,no-loss
50MB,0,22.57805312156677,mid-bw,5ms,no-loss
50MB,0,22.83205497741699,mid-bw,5ms,no-loss
50MB,0,22.42792785644531,mid-bw,5ms,no-loss
50MB,0,25.521451120376586,mid-bw,5ms,no-loss
50MB,0,25.085160856246947,mid-bw,5ms,no-loss
50MB,0,21.12692106246948,mid-bw,5ms,no-loss
50MB,0,20.166937952041625,mid-bw,5ms,no-loss
50MB,0,20.623839979171752,mid-bw,5ms,no-loss
50MB,0,26.079586868286132,mid-bw,5ms,no-loss
50MB,0,18.883978967666625,mid-bw,5ms,no-loss
50MB,0,17.863519077301024,mid-bw,5ms,no-loss
50MB,0,26.013567810058593,mid-bw,5ms,no-loss
50MB,0,24.779973154067992,mid-bw,5ms,no-loss
50MB,0,23.787985925674437,mid-bw,5ms,no-loss
50MB,0,22.963070039749145,mid-bw,5ms,no-loss
50MB,0,24.337030057907103,mid-bw,5ms,no-loss
50MB,0,25.39721405982971,mid-bw,5ms,no-loss
50MB,0,24.33837903022766,mid-bw,5ms,no-loss
50MB,0,18.589742069244384,mid-bw,5ms,no-loss
50MB,0,21.838075046539306,mid-bw,5ms,no-loss
50MB,0,23.287439947128295,mid-bw,5ms,no-loss
50MB,0,17.678747062683104,mid-bw,5ms,no-loss
50MB,0,18.973252897262572,mid-bw,5ms,no-loss
5MB,0,29.861353044509887,mid-bw,110ms,no-loss
5MB,0,5.260153894424438,mid-bw,110ms,no-loss
5MB,256,117.15428793907165,mid-bw,110ms,no-loss
5MB,0,41.35728419303894,mid-bw,110ms,no-loss
5MB,0,40.044454936981204,mid-bw,110ms,no-loss
5MB,0,7.893057231903076,mid-bw,110ms,no-loss
5MB,256,117.13551295280456,mid-bw,110ms,no-loss
5MB,0,43.03878701210022,mid-bw,110ms,no-loss
5MB,0,28.82330596923828,mid-bw,110ms,no-loss
5MB,256,116.97718298912048,mid-bw,110ms,no-loss
5MB,0,30.887603883743285,mid-bw,110ms,no-loss
5MB,0,39.697729949951174,mid-bw,110ms,no-loss
5MB,256,117.09257996559143,mid-bw,110ms,no-loss
5MB,0,41.95603192329407,mid-bw,110ms,no-loss
5MB,0,44.993440036773684,mid-bw,110ms,no-loss
5MB,256,117.16317523002624,mid-bw,110ms,no-loss
5MB,0,29.780007009506225,mid-bw,110ms,no-loss
5MB,0,36.09271681785584,mid-bw,110ms,no-loss
5MB,0,8.010949020385741,mid-bw,110ms,no-loss
5MB,0,30.71447194099426,mid-bw,110ms,no-loss
5MB,0,40.53213418006897,mid-bw,110ms,no-loss
5MB,0,26.43991196632385,mid-bw,110ms,no-loss
5MB,256,117.08465278625488,mid-bw,110ms,no-loss
5MB,0,5.253075008392334,mid-bw,110ms,no-loss
5MB,0,36.83712304115296,mid-bw,110ms,no-loss
20MB,256,117.16724694252014,mid-bw,110ms,no-loss
20MB,256,117.16239202499389,mid-bw,110ms,no-loss
20MB,0,9.829414014816283,mid-bw,110ms,no-loss
20MB,0,14.845553045272826,mid-bw,110ms,no-loss
20MB,0,13.4716531085968,mid-bw,110ms,no-loss
20MB,256,117.16447914123535,mid-bw,110ms,no-loss
20MB,256,117.15058911323547,mid-bw,110ms,no-loss
20MB,256,117.16141593933105,mid-bw,110ms,no-loss
20MB,256,117.16527307510376,mid-bw,110ms,no-loss
20MB,0,14.50311816215515,mid-bw,110ms,no-loss
20MB,256,117.13358486175537,mid-bw,110ms,no-loss
20MB,256,116.95556200027465,mid-bw,110ms,no-loss
20MB,256,116.85850203514099,mid-bw,110ms,no-loss
20MB,256,116.8302100944519,mid-bw,110ms,no-loss
20MB,0,13.808719997406005,mid-bw,110ms,no-loss
20MB,256,117.17833912849426,mid-bw,110ms,no-loss
20MB,0,25.30468500137329,mid-bw,110ms,no-loss
20MB,0,15.087440137863158,mid-bw,110ms,no-loss
20MB,256,117.14882719993591,mid-bw,110ms,no-loss
20MB,256,117.11427319526672,mid-bw,110ms,no-loss
20MB,0,14.157139902114867,mid-bw,110ms,no-loss
20MB,0,13.443395023345946,mid-bw,110ms,no-loss
20MB,256,117.14420998573303,mid-bw,110ms,no-loss
20MB,256,117.14373696327209,mid-bw,110ms,no-loss
20MB,0,14.768384103775023,mid-bw,110ms,no-loss
50MB,256,117.17596400260925,mid-bw,110ms,no-loss
50MB,256,116.86115992546081,mid-bw,110ms,no-loss
50MB,256,117.18224204063415,mid-bw,110ms,no-loss
50MB,256,117.09565103530883,mid-bw,110ms,no-loss
50MB,256,117.15553987503051,mid-bw,110ms,no-loss
50MB,256,116.92892802238464,mid-bw,110ms,no-loss
50MB,256,117.19608510017395,mid-bw,110ms,no-loss
50MB,256,117.11823189735412,mid-bw,110ms,no-loss
50MB,256,117.15546787261962,mid-bw,110ms,no-loss
50MB,256,117.15600312232971,mid-bw,110ms,no-loss
50MB,0,29.445742015838622,mid-bw,110ms,no-loss
50MB,0,51.03012812614441,mid-bw,110ms,no-loss
50MB,256,117.04616511344909,mid-bw,110ms,no-loss
50MB,256,117.11523306846618,mid-bw,110ms,no-loss
50MB,256,117.15178907394409,mid-bw,110ms,no-loss
50MB,256,117.16300189971923,mid-bw,110ms,no-loss
50MB,256,117.1154130744934,mid-bw,110ms,no-loss
50MB,256,117.15916288375854,mid-bw,110ms,no-loss
50MB,256,116.65227306365966,mid-bw,110ms,no-loss
50MB,0,30.80254304885864,mid-bw,110ms,no-loss
50MB,256,117.1646930027008,mid-bw,110ms,no-loss
50MB,0,19.48952115058899,mid-bw,110ms,no-loss
50MB,0,28.856871967315673,mid-bw,110ms,no-loss
50MB,256,116.96904123306274,mid-bw,110ms,no-loss
50MB,256,117.10457313537597,mid-bw,110ms,no-loss
5MB,0,40.04083598136902,mid-bw,175ms,no-loss
5MB,0,14.6731489944458,mid-bw,175ms,no-loss
5MB,256,116.43328297615051,mid-bw,175ms,no-loss
5MB,256,116.52244103431701,mid-bw,175ms,no-loss
5MB,0,10.753965978622436,mid-bw,175ms,no-loss
5MB,256,116.45755303382873,mid-bw,175ms,no-loss
5MB,256,116.56039298057556,mid-bw,175ms,no-loss
5MB,256,116.45935094833374,mid-bw,175ms,no-loss
5MB,0,10.267081146240233,mid-bw,175ms,no-loss
5MB,0,8.906700019836425,mid-bw,175ms,no-loss
5MB,0,41.428700094223025,mid-bw,175ms,no-loss
5MB,0,10.093871002197265,mid-bw,175ms,no-loss
5MB,256,116.52537191390991,mid-bw,175ms,no-loss
5MB,256,116.5165110874176,mid-bw,175ms,no-loss
5MB,256,116.21333206176757,mid-bw,175ms,no-loss
5MB,256,116.50333512306213,mid-bw,175ms,no-loss
5MB,256,116.54312909126281,mid-bw,175ms,no-loss
5MB,256,116.50764310836792,mid-bw,175ms,no-loss
5MB,256,116.05982220649719,mid-bw,175ms,no-loss
5MB,256,116.47864211082458,mid-bw,175ms,no-loss
5MB,256,116.51611698150634,mid-bw,175ms,no-loss
5MB,256,116.46990693092346,mid-bw,175ms,no-loss
5MB,0,40.73757899284363,mid-bw,175ms,no-loss
5MB,256,116.475871925354,mid-bw,175ms,no-loss
5MB,0,10.169324045181273,mid-bw,175ms,no-loss
20MB,0,17.329118852615355,mid-bw,175ms,no-loss
20MB,256,116.49769104003906,mid-bw,175ms,no-loss
20MB,256,116.47210896492004,mid-bw,175ms,no-loss
20MB,256,116.48729694366455,mid-bw,175ms,no-loss
20MB,0,36.830953960418704,mid-bw,175ms,no-loss
20MB,256,116.5659450340271,mid-bw,175ms,no-loss
20MB,256,116.37274802207946,mid-bw,175ms,no-loss
20MB,0,24.921879177093505,mid-bw,175ms,no-loss
20MB,256,116.50171006202697,mid-bw,175ms,no-loss
20MB,0,17.42582905769348,mid-bw,175ms,no-loss
20MB,256,116.45778692245483,mid-bw,175ms,no-loss
20MB,256,116.48988402366638,mid-bw,175ms,no-loss
20MB,256,116.50499499320983,mid-bw,175ms,no-loss
20MB,0,17.393159990310668,mid-bw,175ms,no-loss
20MB,256,116.49107516288757,mid-bw,175ms,no-loss
20MB,0,24.608841066360473,mid-bw,175ms,no-loss
20MB,256,116.47200406074523,mid-bw,175ms,no-loss
20MB,256,116.49008596420288,mid-bw,175ms,no-loss
20MB,256,116.47802794456481,mid-bw,175ms,no-loss
20MB,256,115.9339379119873,mid-bw,175ms,no-loss
20MB,256,116.49065602302551,mid-bw,175ms,no-loss
20MB,256,116.44448912620544,mid-bw,175ms,no-loss
20MB,256,116.50918901443481,mid-bw,175ms,no-loss
20MB,256,116.166945104599,mid-bw,175ms,no-loss
20MB,256,116.48321402549743,mid-bw,175ms,no-loss
50MB,256,116.49043405532836,mid-bw,175ms,no-loss
50MB,256,116.4440869140625,mid-bw,175ms,no-loss
50MB,256,116.4382218170166,mid-bw,175ms,no-loss
50MB,0,49.05259216308594,mid-bw,175ms,no-loss
50MB,256,116.38831604003906,mid-bw,175ms,no-loss
50MB,256,116.49368012428283,mid-bw,175ms,no-loss
50MB,256,116.53127801895141,mid-bw,175ms,no-loss
50MB,256,116.5001729774475,mid-bw,175ms,no-loss
50MB,0,34.08082306861878,mid-bw,175ms,no-loss
50MB,256,116.55731404304504,mid-bw,175ms,no-loss
50MB,256,116.49013889312744,mid-bw,175ms,no-loss
50MB,256,116.05787504196167,mid-bw,175ms,no-loss
50MB,256,116.52174509048461,mid-bw,175ms,no-loss
50MB,256,116.48362696647644,mid-bw,175ms,no-loss
50MB,256,116.49325693130493,mid-bw,175ms,no-loss
50MB,0,51.8876961517334,mid-bw,175ms,no-loss
50MB,0,51.96444094657898,mid-bw,175ms,no-loss
50MB,256,116.51465404510498,mid-bw,175ms,no-loss
50MB,256,116.26049507141113,mid-bw,175ms,no-loss
50MB,256,116.45595205307006,mid-bw,175ms,no-loss
50MB,256,116.50761497497558,mid-bw,175ms,no-loss
50MB,256,115.8703199672699,mid-bw,175ms,no-loss
50MB,256,116.46897304534912,mid-bw,175ms,no-loss
50MB,0,47.72759593009949,mid-bw,175ms,no-loss
50MB,256,116.50164211273193,mid-bw,175ms,no-loss
5MB,0,11.378025894165038,mid-bw,5ms,min-loss
5MB,0,12.360937004089354,mid-bw,5ms,min-loss
5MB,0,12.362053041458129,mid-bw,5ms,min-loss
5MB,0,11.632885818481444,mid-bw,5ms,min-loss
5MB,0,20.116830949783324,mid-bw,5ms,min-loss
5MB,0,11.32145894050598,mid-bw,5ms,min-loss
5MB,0,14.15931499481201,mid-bw,5ms,min-loss
5MB,0,8.529285078048705,mid-bw,5ms,min-loss
5MB,0,12.105541830062865,mid-bw,5ms,min-loss
5MB,0,12.063751106262206,mid-bw,5ms,min-loss
5MB,0,10.568810110092162,mid-bw,5ms,min-loss
5MB,0,16.106783990859984,mid-bw,5ms,min-loss
5MB,-2,-3.12,mid-bw,5ms,min-loss
5MB,0,12.175933961868285,mid-bw,5ms,min-loss
5MB,-2,-3.12,mid-bw,5ms,min-loss
5MB,0,11.319893960952758,mid-bw,5ms,min-loss
5MB,0,10.726061944961547,mid-bw,5ms,min-loss
5MB,0,12.331493978500365,mid-bw,5ms,min-loss
5MB,0,11.917724018096923,mid-bw,5ms,min-loss
5MB,0,10.95482099533081,mid-bw,5ms,min-loss
5MB,0,12.214052085876464,mid-bw,5ms,min-loss
5MB,256,8.049835090637206,mid-bw,5ms,min-loss
5MB,0,11.9539529132843,mid-bw,5ms,min-loss
5MB,256,9.061947946548461,mid-bw,5ms,min-loss
5MB,0,10.627865915298461,mid-bw,5ms,min-loss
20MB,-2,-3.12,mid-bw,5ms,min-loss
20MB,0,46.39575088500977,mid-bw,5ms,min-loss
20MB,-2,-3.12,mid-bw,5ms,min-loss
20MB,0,41.81267893791199,mid-bw,5ms,min-loss
20MB,256,7.364611988067627,mid-bw,5ms,min-loss
20MB,0,44.89665306091309,mid-bw,5ms,min-loss
20MB,256,10.357404117584228,mid-bw,5ms,min-loss
20MB,0,45.65071213722229,mid-bw,5ms,min-loss
20MB,0,46.45793498039246,mid-bw,5ms,min-loss
20MB,0,48.24372780799866,mid-bw,5ms,min-loss
20MB,0,45.856968050003054,mid-bw,5ms,min-loss
20MB,0,44.495533828735354,mid-bw,5ms,min-loss
20MB,0,43.08313405990601,mid-bw,5ms,min-loss
20MB,0,50.24318111419678,mid-bw,5ms,min-loss
20MB,0,45.56111300468445,mid-bw,5ms,min-loss
20MB,0,50.5970159816742,mid-bw,5ms,min-loss
20MB,0,43.9011660861969,mid-bw,5ms,min-loss
20MB,0,48.704748992919924,mid-bw,5ms,min-loss
20MB,0,42.358419065475466,mid-bw,5ms,min-loss
20MB,0,44.50088799476624,mid-bw,5ms,min-loss
20MB,0,46.36532605171204,mid-bw,5ms,min-loss
20MB,0,52.88917983055115,mid-bw,5ms,min-loss
20MB,-2,-3.12,mid-bw,5ms,min-loss
20MB,0,42.285211925506594,mid-bw,5ms,min-loss
20MB,-2,-3.12,mid-bw,5ms,min-loss
50MB,256,54.53299010276795,mid-bw,5ms,min-loss
50MB,256,52.24839509010315,mid-bw,5ms,min-loss
50MB,-2,-3.12,mid-bw,5ms,min-loss
50MB,256,107.97686183929443,mid-bw,5ms,min-loss
50MB,256,117.94942987442016,mid-bw,5ms,min-loss
50MB,-2,-3.12,mid-bw,5ms,min-loss
50MB,256,107.9246560382843,mid-bw,5ms,min-loss
50MB,256,117.97553003311157,mid-bw,5ms,min-loss
50MB,256,117.95587003707885,mid-bw,5ms,min-loss
50MB,256,117.94489706039428,mid-bw,5ms,min-loss
50MB,256,117.97947800636291,mid-bw,5ms,min-loss
50MB,256,117.99238503456115,mid-bw,5ms,min-loss
50MB,256,117.94516599655151,mid-bw,5ms,min-loss
50MB,256,117.95229995727539,mid-bw,5ms,min-loss
50MB,-2,-3.12,mid-bw,5ms,min-loss
50MB,-2,-3.12,mid-bw,5ms,min-loss
50MB,256,98.14077795028686,mid-bw,5ms,min-loss
50MB,256,8.623898153305053,mid-bw,5ms,min-loss
50MB,256,117.95523202896118,mid-bw,5ms,min-loss
50MB,256,117.95818603515625,mid-bw,5ms,min-loss
50MB,256,117.98591220855712,mid-bw,5ms,min-loss
50MB,256,117.92970598220825,mid-bw,5ms,min-loss
50MB,256,117.95989811897277,mid-bw,5ms,min-loss
50MB,256,117.97448194503784,mid-bw,5ms,min-loss
50MB,256,117.95965016365051,mid-bw,5ms,min-loss
5MB,256,116.68916213989257,mid-bw,110ms,min-loss
5MB,256,117.10388911247253,mid-bw,110ms,min-loss
5MB,256,117.13637102127075,mid-bw,110ms,min-loss
5MB,256,117.15258801460266,mid-bw,110ms,min-loss
5MB,256,117.11597407341003,mid-bw,110ms,min-loss
5MB,256,117.1937400150299,mid-bw,110ms,min-loss
5MB,256,117.13539708137512,mid-bw,110ms,min-loss
5MB,256,117.17195308685302,mid-bw,110ms,min-loss
5MB,256,117.10423911094665,mid-bw,110ms,min-loss
5MB,256,117.14028418540954,mid-bw,110ms,min-loss
5MB,256,117.14797485351562,mid-bw,110ms,min-loss
5MB,256,117.13291395187377,mid-bw,110ms,min-loss
5MB,256,117.14402807235717,mid-bw,110ms,min-loss
5MB,-2,-3.12,mid-bw,110ms,min-loss
5MB,256,106.75187004089355,mid-bw,110ms,min-loss
5MB,256,117.09957087516784,mid-bw,110ms,min-loss
5MB,256,117.16128218650817,mid-bw,110ms,min-loss
5MB,256,117.09870017051696,mid-bw,110ms,min-loss
5MB,256,117.1441360759735,mid-bw,110ms,min-loss
5MB,256,117.156859998703,mid-bw,110ms,min-loss
5MB,256,117.12334096908569,mid-bw,110ms,min-loss
5MB,256,117.12334502220153,mid-bw,110ms,min-loss
5MB,256,117.12272394180297,mid-bw,110ms,min-loss
5MB,256,117.1398180770874,mid-bw,110ms,min-loss
5MB,256,117.14214504241943,mid-bw,110ms,min-loss
20MB,256,117.10854804992675,mid-bw,110ms,min-loss
20MB,256,117.14576900482177,mid-bw,110ms,min-loss
20MB,256,117.13977301597595,mid-bw,110ms,min-loss
20MB,256,116.14296401023864,mid-bw,110ms,min-loss
20MB,256,117.12000096321106,mid-bw,110ms,min-loss
20MB,256,117.18393886566162,mid-bw,110ms,min-loss
20MB,256,116.93686807632446,mid-bw,110ms,min-loss
20MB,256,117.153695230484,mid-bw,110ms,min-loss
20MB,-2,-3.12,mid-bw,110ms,min-loss
20MB,256,106.8048149394989,mid-bw,110ms,min-loss
20MB,256,117.07135284423828,mid-bw,110ms,min-loss
20MB,256,117.13668692588806,mid-bw,110ms,min-loss
20MB,256,117.12186491966247,mid-bw,110ms,min-loss
20MB,256,117.13115895271301,mid-bw,110ms,min-loss
20MB,256,117.11336577415466,mid-bw,110ms,min-loss
20MB,256,116.86083615303039,mid-bw,110ms,min-loss
20MB,256,116.06569207191467,mid-bw,110ms,min-loss
20MB,256,117.06762707710266,mid-bw,110ms,min-loss
20MB,256,117.0873631286621,mid-bw,110ms,min-loss
20MB,256,117.11570394515991,mid-bw,110ms,min-loss
20MB,256,117.10463583946228,mid-bw,110ms,min-loss
20MB,256,116.71760595321655,mid-bw,110ms,min-loss
20MB,-2,-3.12,mid-bw,110ms,min-loss
20MB,-2,-3.12,mid-bw,110ms,min-loss
20MB,256,96.24232209205627,mid-bw,110ms,min-loss
50MB,256,8.478817825317382,mid-bw,110ms,min-loss
50MB,256,117.13783491134643,mid-bw,110ms,min-loss
50MB,256,117.12116396903991,mid-bw,110ms,min-loss
50MB,256,117.1127389717102,mid-bw,110ms,min-loss
50MB,256,117.01406610488891,mid-bw,110ms,min-loss
50MB,256,117.16071093559265,mid-bw,110ms,min-loss
50MB,256,117.16754186630249,mid-bw,110ms,min-loss
50MB,256,117.16575706481933,mid-bw,110ms,min-loss
50MB,256,117.08324301719665,mid-bw,110ms,min-loss
50MB,256,117.23134196281433,mid-bw,110ms,min-loss
50MB,256,117.13074791908264,mid-bw,110ms,min-loss
50MB,256,117.14120591163635,mid-bw,110ms,min-loss
50MB,-2,-3.12,mid-bw,110ms,min-loss
50MB,256,106.87070501327514,mid-bw,110ms,min-loss
50MB,256,116.54595697402954,mid-bw,110ms,min-loss
50MB,256,117.09778106689453,mid-bw,110ms,min-loss
50MB,256,116.27392709732055,mid-bw,110ms,min-loss
50MB,256,117.11087000846862,mid-bw,110ms,min-loss
50MB,256,117.13904893875122,mid-bw,110ms,min-loss
50MB,-2,-3.12,mid-bw,110ms,min-loss
50MB,-2,-3.12,mid-bw,110ms,min-loss
50MB,256,96.11064398765564,mid-bw,110ms,min-loss
50MB,256,8.275201921463012,mid-bw,110ms,min-loss
50MB,-2,-3.12,mid-bw,110ms,min-loss
50MB,256,106.17477286338806,mid-bw,110ms,min-loss
5MB,256,115.35163486480712,mid-bw,175ms,min-loss
5MB,256,55.09021986007691,mid-bw,175ms,min-loss
5MB,256,116.58726299285888,mid-bw,175ms,min-loss
5MB,256,116.41390598297119,mid-bw,175ms,min-loss
5MB,256,116.40651810646057,mid-bw,175ms,min-loss
5MB,-2,-3.12,mid-bw,175ms,min-loss
5MB,256,105.8700062084198,mid-bw,175ms,min-loss
5MB,256,116.41506588935852,mid-bw,175ms,min-loss
5MB,256,116.4214400100708,mid-bw,175ms,min-loss
5MB,256,116.32408798217773,mid-bw,175ms,min-loss
5MB,256,116.47564208984375,mid-bw,175ms,min-loss
5MB,256,116.42593300819397,mid-bw,175ms,min-loss
5MB,256,56.653203134536746,mid-bw,175ms,min-loss
5MB,256,116.47588193893432,mid-bw,175ms,min-loss
5MB,-2,-3.12,mid-bw,175ms,min-loss
5MB,256,106.19759595870971,mid-bw,175ms,min-loss
5MB,256,116.45437801361084,mid-bw,175ms,min-loss
5MB,256,116.40221584320068,mid-bw,175ms,min-loss
5MB,256,38.86922395706177,mid-bw,175ms,min-loss
5MB,256,116.4902659702301,mid-bw,175ms,min-loss
5MB,256,116.43243492126464,mid-bw,175ms,min-loss
5MB,256,116.48121083259582,mid-bw,175ms,min-loss
5MB,-2,-3.12,mid-bw,175ms,min-loss
5MB,256,105.79036891937255,mid-bw,175ms,min-loss
5MB,256,46.16760600090027,mid-bw,175ms,min-loss
20MB,-2,-3.12,mid-bw,175ms,min-loss
20MB,256,105.40598595619201,mid-bw,175ms,min-loss
20MB,256,116.46851218223571,mid-bw,175ms,min-loss
20MB,256,116.4813720035553,mid-bw,175ms,min-loss
20MB,256,116.47768414497375,mid-bw,175ms,min-loss
20MB,256,116.46024716377258,mid-bw,175ms,min-loss
20MB,256,116.48150599479675,mid-bw,175ms,min-loss
20MB,256,116.25411904335022,mid-bw,175ms,min-loss
20MB,256,116.35257208824157,mid-bw,175ms,min-loss
20MB,256,116.45321310043335,mid-bw,175ms,min-loss
20MB,256,115.290404920578,mid-bw,175ms,min-loss
20MB,256,116.445603017807,mid-bw,175ms,min-loss
20MB,-2,-3.12,mid-bw,175ms,min-loss
20MB,256,105.7238160419464,mid-bw,175ms,min-loss
20MB,256,39.17038405418396,mid-bw,175ms,min-loss
20MB,-2,-3.12,mid-bw,175ms,min-loss
20MB,256,105.73032701492309,mid-bw,175ms,min-loss
20MB,256,116.44361103057861,mid-bw,175ms,min-loss
20MB,256,116.51785696029663,mid-bw,175ms,min-loss
20MB,256,116.41354001045227,mid-bw,175ms,min-loss
20MB,256,116.50080311775207,mid-bw,175ms,min-loss
20MB,256,116.47266686439514,mid-bw,175ms,min-loss
20MB,-2,-3.12,mid-bw,175ms,min-loss
20MB,256,105.79248893737793,mid-bw,175ms,min-loss
20MB,256,45.847027187347415,mid-bw,175ms,min-loss
50MB,256,116.47149599075317,mid-bw,175ms,min-loss
50MB,256,116.4681130695343,mid-bw,175ms,min-loss
50MB,-2,-3.12,mid-bw,175ms,min-loss
50MB,256,105.83835304260253,mid-bw,175ms,min-loss
50MB,256,116.43029296875,mid-bw,175ms,min-loss
50MB,256,116.46184790611267,mid-bw,175ms,min-loss
50MB,-2,-3.12,mid-bw,175ms,min-loss
50MB,-2,-3.12,mid-bw,175ms,min-loss
50MB,256,95.47636306762695,mid-bw,175ms,min-loss
50MB,256,7.584015970230102,mid-bw,175ms,min-loss
50MB,256,116.22884190559387,mid-bw,175ms,min-loss
50MB,256,116.4716211605072,mid-bw,175ms,min-loss
50MB,256,116.49339807510376,mid-bw,175ms,min-loss
50MB,256,116.4581660079956,mid-bw,175ms,min-loss
50MB,256,116.4616569328308,mid-bw,175ms,min-loss
50MB,256,116.42226779937744,mid-bw,175ms,min-loss
50MB,256,116.43025506019592,mid-bw,175ms,min-loss
50MB,256,116.44476402282714,mid-bw,175ms,min-loss
50MB,256,116.42438591003418,mid-bw,175ms,min-loss
50MB,256,116.44621408462524,mid-bw,175ms,min-loss
50MB,256,116.47381008148193,mid-bw,175ms,min-loss
50MB,256,116.11056292533874,mid-bw,175ms,min-loss
50MB,256,116.49615204811096,mid-bw,175ms,min-loss
50MB,256,116.46232712745666,mid-bw,175ms,min-loss
50MB,256,116.49770701408386,mid-bw,175ms,min-loss
